Number,Text
1,"In a not-so-distant future, the world was on the brink of a great transformation."
2,"The planet had seen its fair share of conflicts, crises, and challenges, but it was also teeming with hope and potential for a brighter future."
3,The idea of global unity had taken root in the hearts and minds of people from all walks of life.
4,The story begins in a small village nestled in the Himalayan mountains.
5,"A young girl named Aria lived there, surrounded by the wisdom of her elders and the breathtaking beauty of nature."
6,"One day, Aria discovered an ancient prophecy etched on a weathered stone tablet."
7,It spoke of a time when humanity would unite as one to protect the Earth and foster peace.
8,"Inspired by the prophecy, Aria embarked on a journey to spread the message of unity."
9,"She traveled from village to village, connecting with people of different cultures, religions, and backgrounds."
10,"Her message resonated deeply with many, and slowly but surely, a global movement for unity began to take shape."
11,"However, not everyone welcomed the idea of unity."
12,"In the bustling metropolis of New Harmony, powerful individuals who profited from division and conflict grew anxious."
13,They sought to undermine the unity movement by sowing discord and mistrust among nations.
14,They used their influence to manipulate the media and spread false narratives that fueled fear and hatred.
15,"As Aria's message reached the city, she faced fierce opposition from these individuals and their followers."
16,"Riots and protests erupted in some places, threatening to tear apart the fragile bonds that were forming."
17,"In the midst of these challenges, a group of influential leaders from different corners of the world quietly convened."
18,They recognized the importance of unity but had reservations about how it would be implemented.
19,They sought to ensure that the movement was not exploited for ulterior motives or controlled by a select few.
20,"Together, they worked on a framework for global cooperation, emphasizing the importance of respecting cultural diversity while fostering mutual understanding."
21,"This diplomatic effort, though challenging, was a necessary step to address the concerns of many nations."
22,"Despite the hurdles and setbacks, Aria and her supporters persevered."
23,"They organized cultural festivals, peace marches, and educational programs to promote unity."
24,"Slowly, people started realizing that their differences were a source of strength, not division."
25,"They began to see the value of working together to address global issues like climate change, poverty, and pandemics."
26,"As more nations joined the unity movement, the voices of the divisive few began to wane."
27,"New policies and initiatives emerged, aimed at protecting the environment, reducing inequality, and fostering cooperation in the face of adversity."
28,"In the end, the world did not achieve perfect unity, but it made significant strides toward a more harmonious existence."
29,"Aria's journey had left an indelible mark on humanity's collective consciousness, reminding people of the ancient prophecy and the power of unity."
30,"The global symphony of unity continued to play, with each nation contributing its unique note to the grand composition of peace and progress."
31,"Challenges remained, but the world had learned that it was stronger when it stood together, and that unity could overcome even the most formidable obstacles."
32,People from all corners of the world began to recognize the importance of coming together to solve global challenges.
33,"They understood that climate change, poverty, and pandemics knew no borders, and that the only way forward was cooperation."
34,International organizations and grassroots movements worked hand in hand to address these pressing issues.
35,"Scientists, researchers, and innovators from diverse backgrounds collaborated on solutions that had the power to change the course of history."
36,"Education became a universal right, and access to knowledge was no longer limited by geographic or economic boundaries."
37,"Children from different countries could now connect virtually, learning about each other's cultures, traditions, and languages."
38,"This exchange of ideas and experiences fostered empathy and understanding, laying the foundation for a more tolerant world."
39,"However, not everything was smooth sailing on the path to unity."
40,Deep-seated prejudices and conflicts that had festered for generations proved challenging to overcome.
41,"In some regions, ancient rivalries flared up, threatening to derail the progress that had been made."
42,"But the lessons of history were not forgotten, and people were determined not to repeat the mistakes of the past."
43,"Mediators and peacemakers from around the world stepped in, helping to facilitate dialogue and reconciliation."
44,"Despite the setbacks, the global community stood together in times of crisis."
45,"When natural disasters struck, nations rushed to aid one another, demonstrating the power of solidarity."
46,A network of emergency response teams and disaster relief organizations worked tirelessly to provide assistance wherever it was needed.
47,Humanity's ability to come to each other's aid during these trying times became a source of pride and inspiration.
48,One of the most remarkable achievements of the unity movement was the collective effort to combat climate change.
49,Nations set aside their differences and committed to reducing greenhouse gas emissions.
50,"Renewable energy sources flourished, and green technologies revolutionized the way people lived and worked."
51,"Forests were protected, and oceans were preserved for future generations to enjoy."
52,"The once-declining biodiversity of the planet began to recover, as people recognized their responsibility as stewards of the Earth."
53,"Despite these positive developments, challenges persisted in the realm of economic equality."
54,"Income disparities remained a concern, and efforts to address them encountered resistance from some quarters."
55,"However, through international cooperation, progressive policies, and grassroots initiatives, significant progress was made in reducing poverty and ensuring access to essential services for all."
56,The spirit of unity extended beyond Earth itself.
57,"Space exploration became a shared endeavor, with nations pooling their resources to reach new frontiers."
58,"Mars missions and lunar colonies were established, opening up new possibilities for humanity's future."
59,"The pursuit of knowledge and the dream of exploring the cosmos brought together scientists, engineers, and dreamers from around the world."
60,"Yet, even in the vast expanse of space, the lessons of unity remained relevant."
61,"As humanity ventured further into the cosmos, it encountered extraterrestrial life forms."
62,"The initial encounters were marked by caution and curiosity, as both sides sought to understand each other."
63,"Through diplomacy and cooperation, peaceful relations were established, leading to exchanges of knowledge and culture."
64,The meeting of worlds became a symbol of humanity's ability to bridge differences and build bridges of understanding.
65,Technology continued to advance at an unprecedented pace.
66,"Artificial intelligence and automation transformed industries, creating new opportunities and challenges."
67,"Ethical debates arose about the role of AI in society, and regulations were put in place to ensure that technology served the common good."
68,"The digital divide, which had once been a barrier to progress, began to narrow as access to the internet became more widespread."
69,"People from all backgrounds could now connect with each other, share their stories, and collaborate on projects that had a global impact."
70,"The world celebrated its cultural diversity, recognizing that it was a source of creativity and innovation."
71,"International festivals and events showcased the richness of human heritage, from music and art to cuisine and traditions."
72,People learned to appreciate the beauty of different languages and the stories they told.
73,"Despite the global interconnectedness, local cultures thrived, and communities celebrated their unique identities."
74,"In the realm of healthcare, groundbreaking discoveries and medical advancements improved the quality of life for people everywhere."
75,Vaccines and treatments for diseases that had once plagued humanity were developed and distributed to those in need.
76,Global health initiatives focused on preventing pandemics and ensuring access to essential healthcare services.
77,The world had learned from past epidemics and was better prepared to face health challenges together.
78,The global symphony of unity extended to the protection of the environment.
79,"Sustainable practices and conservation efforts were prioritized, ensuring that future generations could enjoy the beauty of nature."
80,People felt a deep connection to the Earth and recognized that its well-being was intertwined with their own.
81,"Efforts to clean up oceans, reduce plastic waste, and preserve endangered species were undertaken with unwavering determination."
82,The world had become a place where compassion and empathy were celebrated.
83,Acts of kindness and generosity were recognized as the ultimate expressions of humanity.
84,"People volunteered their time and resources to help those less fortunate, creating a safety net of support for all."
85,"Charitable organizations and humanitarian missions flourished, providing aid to vulnerable communities around the world."
86,The concept of borders began to blur as people embraced the idea of a global citizenship.
87,Travel and migration were facilitated by policies that encouraged cultural exchange and cooperation.
88,"The world became a tapestry of diverse cultures, each contributing to the shared story of humanity."
89,"Despite the challenges that remained, the world had come a long way on the path to unity."
90,"The vision of the ancient prophecy had become a reality, and Aria's message had spread far and wide."
91,"People looked to the future with hope and determination, knowing that together, they could overcome any obstacle."
92,"The global symphony of unity continued to play, resonating in the hearts of all who called Earth their home."
